User-ID,movie_id,RATINGS
227945,19995,19
250634,285,28
250634,206647,20
250634,49026,49
250634,49529,49
250634,559,55
248356,38757,38
245871,99861,99
240938,767,76
240100,209112,20
237389,1452,14
236618,10764,10
235146,58,58
230950,57201,57
230522,49521,49
230444,2454,24
228072,24428,24
225087,1865,18
225087,41154,41
225087,122917,12
212647,1930,19
210077,20662,20
209132,57158,57
206999,2268,22
205871,254,25
205545,597,59
202407,271110,27
201054,44833,44
199138,135397,1
194743,37724,37
188658,558,55
188120,68721,68
185692,12155,12
183669,36668,36
183182,62211,62
182879,8373,83
182208,91314,91
180333,68728,68
180333,102382,10
179810,20526,20
172386,49013,49
171149,44912,44
170724,10193,10
169595,534,53
167975,168259,16
167587,72190,72
164978,127585,12
164292,54138,54
164206,81005,81
158287,64682,64
155047,9543,95
155047,68726,68
151546,38356,38
148989,217,21
148000,105864,10
145916,62177,62
142267,188927,18
139150,10681,10
137397,5174,51
136508,14161,14
136479,17979,17
135555,76757,76
135555,258489,25
135076,411,41
128375,246655,2
128278,155,15
127525,14160,14
125224,15512,15
125205,1726,17
120892,44826,44
120339,8487,84
114096,1735,17
110266,297761,29
102359,2698,26
96146;,137113,13
94242;,9804,98
92853;,14869,14
92853;,150540,15
90519;,278927,27
80365;,10138,10
79933;,58595,58
79933;,102651,10
79933;,119450,11
73862;,79698,79
72638;,64686,64
72451;,100402,10
70510;,10192,10
67930;,158852,15
64528;,177572,17
56442;,82690,82
49154;,5255,52
48821;,47933,47
48603;,10191,10
43021;,296,29
40480;,118340,11
39821;,157336,1
37541;,27205,27
35997;,315011,31
35480;,49051,49
33596;,9799,97
31072;,4922,49
30256;,49538,49
29152;,131634,13
29117;,27022,27
29117;,503,50
278691,241259,2
278675,810,8
278637,68735,6
278559,87101,8
278418,10140,1
278026,676,6
277984,1858,1
277516,1966,1
277074,675,6
276959,674,6
276929,8960,8
276929,6479,6
27216;,118,1
250739,2062,2
250634,272,2
250634,10527,1
250634,18360,1
250634,2080,2
250264,605,6
250187,109445,1
250092,604,6
249898,76338,7
249898,76341,7
249791,13448,1
249446,10195,1
249344,13053,1
249146,19585,1
249137,57165,5
248325,62213,6
246890,177677,1
246358,7978,7
245963,5559,5
245827,49444,4
245827,10196,1
245827,956,9
245827,117251,1
245546,50321,5
245182,11619,1
245182,266647,2
244923,82703,8
244666,652,6
243899,80321,8
243789,36669,3
243497,43074,4
243368,95,9
243213,608,6
243213,2310,2
243213,140300,1
243213,56292,5
243213,81188,8
243164,7552,7
242855,616,6
242679,147441,1
242589,13475,1
242409,557,5
242371,82702,8
242262,205584,2
241955,10048,1
241934,13183,1
241305,944,9
241018,1927,1
240568,72559,7
240287,7364,7
240287,2114,2
240100,1771,1
240100,36643,3
240100,8619,8
239790,50620,5
239790,65759,6
239790,1724,1
239780,267935,2
239020,281957,2
238862,77950,7
238781,44896,4
238681,270946,2
237812,2503,2
237537,9502,9
237537,102899,1
236983,101299,1
236727,228161,2
236571,74,7
236058,8961,8
235805,417859,4
235498,27576,2
235475,86834,8
235475,17578,1
235392,673,6
235146,6972,6
235113,82700,8
235113,10567,1
235113,181533,1
235105,38055,3
235082,671,6
235070,49524,4
234803,22,2
234597,131631,1
234464,591,5
234342,172385,1
234281,36658,3
234281,51497,5
234187,58574,5
233979,18823,1
232979,861,8
232902,1911,1
232881,49040,4
232673,415,4
232653,8871,8
232175,435,4
231210,955,9
230546,2133,2
230522,1979,1
230522,87827,8
230249,1250,1
229499,324668,3
229329,9471,9
229329,70981,7
229329,10996,1
229329,68724,6
229329,2789,2
229329,97020,9
229329,7459,7
229329,42888,42
229329,37834,37
229329,75612,75
228008,1895,1
227835,1894,1
227705,585,5
227383,76170,7
226492,1893,1
226492,49519,4
226157,2395,2
225432,12100,1
225390,290595,2
225232,98566,9
225087,49047,4
225087,9619,9
225087,308531,3
225087,166424,1
225087,1593,1
225087,254128,2
225087,714,7
225087,2024,2
224785,163,1
224764,787,7
224733,262500,2
224646,2567,2
224342,38745,3
224256,40805,4
224108,53182,5
223960,41513,4
223749,13700,1
223566,262504,2
223530,39254,3
223386,77931,7
223386,1639,1
223151,80274,8
222912,1571,1
222912,120,1
222805,10204,1
221946,8489,8
221892,10588,1
221591,2048,2
221445,1495,1
221080,10137,1
221080,10198,1
221080,286217,2
221080,1635,1
221080,24113,2
221080,9679,9
221080,98,9
221080,180,1
22107;,672,67
220925,36557,3
220699,869,8
220302,280,2
219769,11322,1
219572,4982,4
219467,36955,3
219082,18487,1
219082,39451,3
219008,27581,2
218844,9268,9
218796,68718,6
218796,10545,1
218595,11688,1
218469,76163,7
218342,2059,2
218276,2486,2
218155,16523,16
217856,116711,1
21774;,37710,37
217701,9946,9
217701,1372,1
217701,106646,1
217701,414,4
217701,563,5
217701,83542,8
217701,41216,4
216444,314,3
216444,184315,1
216444,9016,9
216444,18162,1
216421,138103,1
215962,257088,2
215787,10214,1
215749,205775,2
215441,11692,1
215361,22972,2
215068,227973,2
215068,29193,2
215068,1734,1
215003,3131,3
214929,76758,7
214920,9408,9
214717,9890,9
214254,855,8
214157,77953,7
214157,18,1
214157,37786,3
214157,10501,1
214157,57800,5
213727,150689,1
213663,7980,7
213444,12,1
213425,122,1
213410,121,1
213350,68737,6
213350,1995,1
213228,157353,1
213126,331,3
212626,61791,6
212463,8204,8
212350,47964,4
212167,10733,1
212143,9806,9
212088,1408,1
212054,32657,3
211961,607,6
211610,863,8
211610,44048,4
211610,5175,5
211610,2655,2
211239,22794,2
211055,8355,8
210587,116745,1
210587,4327,4
210587,1422,1
210311,10674,1
210150,7446,7
210077,65754,6
210037,1572,1
20919;,10528,10
209156,271969,2
208605,10865,1
208339,258509,2
208213,2253,2
207411,10661,1
207258,257344,2
207162,644,6
207061,10756,1
206865,686,68
206865,9383,9
206534,179,1
206415,76285,7
205871,1996,1
205828,291805,2
205555,10003,1
205448,1535,1
205188,2067,2
205011,46195,4
204864,2277,2
204676,10357,10
204676,4477,4
204650,8665,8
204521,9387,9
204474,921,9
204474,49852,4
204387,4464,4
203844,664,6
203380,8358,8
203240,9836,9
202989,2502,2
202743,9772,9
201405,161,1
201400,52451,5
201365,76492,7
201365,4523,4
201365,59961,5
201365,10481,1
201324,59108,5
201044,1581,1
200895,9798,9
200745,22897,2
200745,298,2
200674,7484,7
200674,157350,1
200196,853,8
200195,10159,1
199903,9593,9
199827,1904,1
199827,9615,9
199775,51052,5
199706,297,2
199535,9884,9
199507,16858,1
199167,62764,6
199167,22538,2
199167,9341,9
199167,12107,1
198407,9637,9
198260,49049,4
198147,9339,9
197972,16281,1
197768,39691,3
197768,8247,8
197768,11253,1
197723,1949,1
197687,8452,8
197680,310,3
197659,27578,2
197529,954,9
197529,70160,7
197529,45243,4
197529,364,3
197529,7518,7
197130,11544,1
197068,9986,9
196666,8656,8
196621,146216,1
196528,9291,9
196099,55301,5
195465,109418,1
195249,11665,1
195079,6964,6
194899,11324,1
194884,12193,12
194653,9928,9
194514,754,7
194500,10202,1
194500,4147,4
194500,50546,5
194027,1701,1
193565,13027,1
193275,2289,2
192926,20504,2
192926,9574,9
192605,11618,1
192152,2300,2
192119,12096,1
192101,10200,1
191775,8834,8
191716,228150,2
191672,6068,6
191672,41515,4
191218,9023,9
191107,38317,3
190984,2157,2
190969,14462,1
190969,161795,1
190719,159824,1
190708,49948,4
190601,2135,2
189813,9822,9
189733,9705,9
189536,1656,1
189528,12159,1
189365,9678,9
189312,4442,4
189312,75,7
189312,330770,3
189110,9433,9
189080,19959,1
188868,11973,1
188658,11228,1
188271,77951,7
188246,5491,5
188064,10715,1
188024,10197,1
188010,9562,9
187879,9922,9
187520,9447,9
187520,274854,2
187108,8870,8
187024,9992,9
186981,36970,3
186628,10077,1
186547,76649,7
186104,293644,2
186104,453,4
185639,8587,8
185455,72545,7
184820,109451,1
184661,9533,9
184412,2023,2
183958,71880,7
183952,584,5
183860,309809,3
183447,4858,4
18342;,17711,17
183084,328111,3
183084,8698,8
183084,93456,9
183084,602,6
182792,330,3
182788,953,9
182700,9693,9
182642,36657,3
182642,8909,8
182503,9802,9
182381,950,9
182381,1824,1
182381,2976,2
182348,11026,1
181976,332,3
181974,75656,7
181207,38365,3
181168,594,5
181152,15189,1
180651,11678,1
180243,6538,6
179931,10555,1
179641,1125,1
179612,4551,4
179135,612,6
179135,9567,9
179075,37821,37
179012,203801,2
178950,2539,2
178312,9297,9
178296,3172,3
178272,6520,6
177850,1439,1
176906,37958,3
176906,2026,2
176883,7450,7
176770,11375,1
176539,9425,9
176524,25769,2
176220,23685,2
176207,11866,1
176128,9741,9
175838,211672,2
175750,23629,2
175030,8688,8
174962,10153,1
174848,153518,1
174830,8676,8
174791,20829,2
174791,4349,4
174352,9718,9
174111,10808,10
174092,197,1
173233,25,2
173017,35,3
172941,11086,1
172941,10477,1
172941,1997,1
172941,6947,6
172888,3050,3
172742,2675,2
172742,809,8
172742,920,9
172742,4806,4
172742,7451,7
172680,228165,2
172386,3595,3
172248,16869,1
171970,879,8
171712,1573,1
171124,9257,9
170482,1903,1
170441,9697,9
170273,395,3
170256,23398,2
170184,10590,1
170139,117263,1
169860,200,2
169677,44943,4
169663,587,5
169663,10395,1
169663,57212,5
169663,152760,1
169663,2756,2
169663,33909,3
169233,49017,4
168633,9882,9
168299,2270,2
167587,978,9
167471,44564,4
167471,3132,3
167471,8814,8
16732;,8427,84
167052,52520,5
167052,80585,8
166785,10592,1
166600,49021,4
16659;,11535,11
16657;,10550,10
166419,11258,1
166239,12610,1
165539,59981,5
165507,201088,2
165323,5137,5
165323,3093,3
164944,107846,1
164581,188207,1
164524,4614,4
164413,24021,2
164206,11371,1
164206,20352,2
164206,11517,1
164206,214756,2
164206,26428,2
164206,9824,9
164193,48988,4
164173,9008,9
164027,300673,3
163914,12113,1
163824,38778,3
163824,72331,7
163482,1844,1
163416,846,8
162259,9703,9
161903,857,8
161480,136797,1
161480,3981,3
161099,425,4
160562,6171,6
160092,72976,7
159985,603,6
159889,568,5
159517,9021,9
159033,82695,8
159033,9489,9
159033,12133,1
159014,9342,9
159013,41733,4
158965,227306,2
158535,5551,5
158509,9350,9
158489,9208,9
158456,4244,4
157787,1852,1
157766,11820,1
157486,76493,7
156972,345,3
156971,196867,1
156971,256591,2
156971,59962,5
156876,36648,3
156876,1880,1
156876,9440,9
156876,71679,7
156866,10483,1
156827,11412,1
156593,11983,1
156503,6795,6
156422,550,5
156286,11170,1
156269,9292,9
156269,10783,1
156243,100241,1
156163,257,2
156079,9947,9
156013,189,1
156013,12618,1
155463,253412,2
155402,1427,1
155402,818,8
155402,16577,1
155362,329,3
155047,12160,1
155047,9331,9
155047,300168,3
155047,9072,9
155047,3536,3
155047,9087,9
155047,12177,1
154568,12138,1
154562,273248,2
154525,9955,9
154451,50359,5
154405,1271,1
154269,693,6
154268,14306,1
154176,497,4
154057,11199,1
154050,9982,9
153628,210577,2
153303,2501,2
153149,710,7
153091,2275,2
153091,37165,3
153079,9837,9
153079,10708,1
152897,136400,1
152864,10992,1
152855,9654,9
152855,2642,2
152846,8916,8
152354,19899,1
151990,2119,2
151937,9641,9
151608,294254,2
151515,38167,3
150814,5994,5
150338,39514,3
150179,9563,9
150041,547,54
149908,1538,1
149825,9334,9
149608,11128,1
149544,75780,7
149432,8914,8
149432,13576,1
149069,39538,3
148934,10628,1
147803,14836,1
147803,8645,8
147803,9509,9
147803,10067,1
147537,9384,9
147472,9279,9
147141,1487,1
147141,9422,9
147120,77174,7
147091,4824,4
147089,9620,9
146859,9302,9
146564,10199,1
146395,10771,1
146298,3512,3
146298,137094,1
146298,274479,2
146298,267860,2
146298,8078,8
146298,7485,7
146298,170687,1
146197,6435,6
145916,137106,1
145109,10040,1
144979,6278,6
144841,82682,8
144827,17610,1
144620,22954,2
144602,16995,1
144193,16558,1
144137,9849,9
144131,5820,5
143625,16866,1
143625,201,2
143571,11775,1
143529,87825,8
143271,12201,1
142510,11015,1
142401,9932,9
142223,13389,1
141971,8838,8
141794,17332,1
140999,4958,4
140999,786,7
140999,9513,9
140997,11679,1
140816,38321,3
140232,14411,1
140067,8413,8
138906,10052,1
13874;,9676,96
138529,9664,9
138529,2100,2
138464,10384,1
138241,137321,1
138180,123553,1
137755,11260,1
137734,9009,9
137713,11374,1
137513,2309,2
137397,8285,8
137309,210860,2
137283,2312,2
13711;,9839,9
136853,381902,3
136025,13922,1
136010,293660,2
136010,9713,9
135831,190859,1
135809,257445,2
135555,9007,9
135555,889,8
135555,1370,1
135514,4942,4
135502,347969,3
135483,24438,2
135232,116741,1
135076,35791,3
135076,72431,7
135045,1813,1
134939,87428,8
134694,8840,8
133960,10589,1
133749,71676,7
133431,1722,1
132826,10022,1
132826,11358,1
132498,13,1
132275,6477,64
131852,1597,1
131793,10530,1
131675,1924,1
131675,9327,9
131594,8488,8
131441,10603,1
130933,8273,8
130659,109424,1
130438,35056,3
130157,8839,8
130157,156022,1
130157,7303,7
130157,8963,8
130157,1402,1
130157,9315,9
130157,8984,8
130157,795,7
129957,24,2
129633,11353,1
129582,393,3
129289,9618,9
128653,9374,9
128600,8584,8
128600,2320,2
128600,58224,5
128557,1729,1
126944,175574,1
126783,8077,8
126736,8818,8
126531,8195,8
126487,10586,10
126253,116149,1
125295,80035,8
125130,10632,1
125129,12117,1
125031,1792,1
124973,13260,1
124888,72197,7
124187,3580,3
123495,12123,1
123366,9566,9
123366,9833,9
123056,4517,4
123056,8202,8
122824,16072,1
122714,34314,3
122280,19724,1
122037,145220,14
121536,14623,1
120934,42297,4
120928,2841,2
120782,802,8
120548,10375,1
120515,36586,3
120444,11321,1
119893,70074,7
119748,242,2
119712,9621,9
119642,1819,1
119642,8536,8
119642,8046,8
119517,1717,1
118282,479,4
118041,9444,9
117838,824,8
117777,11456,1
117664,261023,2
117287,3683,3
11676;,22803,22
11676;,285923,28
11676;,39437,39
11676;,1950,19
11676;,640,64
11676;,97630,9
11676;,9767,9
116231,11631,1
116210,32856,3
115791,6519,6
115538,8741,8
115490,49520,4
115077,1850,1
114865,524,5
114785,26389,2
11472;,11817,11
114052,2123,2
112856,9907,9
112295,9969,9
111528,18239,1
111515,808,8
110704,38050,3
110486,8367,8
110367,9390,9
109995,72105,7
109783,2898,2
109409,10312,1
109409,109443,1
109092,2022,2
109062,37686,3
108275,462,4
107748,9919,9
107748,187017,1
107748,628,6
107748,10201,1
107748,302699,3
107292,9441,9
107124,274167,2
106798,224141,2
106685,388,3
10662;,2112,2
106173,10329,1
106028,74465,7
105966,13811,1
105816,6877,6
105745,10320,10
105581,50646,50
105562,8920,8
105195,13673,1
105162,60308,6
105060,6950,6
105060,225574,2
104885,13836,1
104517,752,7
104447,6038,6
104447,9975,9
104429,11451,1
104168,12103,1
103606,60304,6
103304,2251,2
103304,46529,4
103281,231,2
102265,300671,3
102227,228326,2
101602,9754,9
101546,66,6
101517,4421,4
101517,2649,2
101449,588,5
101449,10393,1
101449,71552,7
101449,9631,9
101131,216282,2
100494,306,3
100488,928,92
100410,205587,2
100345,6623,6
100183,1577,1
99630;,9801,9
99625;,2116,2
98963;,9624,9
98707;,14199,1
98707;,1907,1
98647;,4599,4
98297;,22832,2
98200;,10390,1
97754;,9879,9
97300;,38579,3
97206;,44603,4
97178;,11892,1
96948;,9691,9
96475;,1248,1
96336;,12220,1
96115;,72710,7
95672;,10782,1
95420;,9573,9
95399;,4959,4
95399;,10061,1
95201;,10386,1
95193;,421,4
95193;,316152,3
95193;,11615,1
95193;,13498,13
94923;,241554,2
94637;,2252,2
94267;,11968,1
94242;,10047,1
94242;,38319,3
93322;,69668,6
92979;,9770,9
92948;,11212,1
92853;,10533,1
92853;,38363,3
92405;,9923,9
92405;,11863,1
92360;,18501,1
92336;,109491,1
92195;,9275,9
91931;,329833,3
90991;,12634,1
90986;,10416,1
90766;,47327,4
90766;,15268,1
90766;,10796,1
90766;,9548,9
90764;,18947,1
90620;,1900,1
90614;,89,8
90485;,96724,9
90277;,198184,1
90232;,9481,9
90232;,4547,4
90174;,53953,5
90154;,6415,6
90148;,181283,1
90075;,9896,9
89897;,167,1
89610;,11232,1
89610;,1636,1
89610;,2148,2
89610;,5176,5
89610;,260346,2
89610;,1389,1
89610;,9894,9
89545;,7504,7
89241;,8592,8
89192;,913,9
89098;,11091,1
88757;,1368,1
88468;,593,5
88468;,5393,5
88288;,9095,9
88099;,8874,8
88099;,11467,1
87978;,320,3
87729;,199,1
86371;,20533,2
86219;,10684,1
86033;,1624,1
85817;,325789,3
85772;,113464,1
85772;,888,8
85521;,82675,8
85294;,4256,4
85240;,1493,1
85214;,88751,8
85214;,11130,1
84995;,9944,9
84737;,10731,1
84648;,7350,7
84640;,9869,9
84126;,4379,4
83946;,146233,1
83915;,2034,2
83364;,926,9
83103;,4248,4
82605;,64328,6
82280;,36647,3
82171;,7214,7
82164;,1537,1
81908;,9360,9
81681;,6282,6
81262;,508,5
81208;,9487,9
80954;,768,7
80954;,2636,2
80781;,10478,1
80603;,27983,2
80603;,9981,9
80575;,7453,7
80555;,15045,1
80538;,7737,7
80512;,232672,2
80442;,17379,1
80194;,8987,8
79933;,11359,1
79821;,82525,8
79692;,9759,9
79459;,9486,9
79186;,9906,9
78970;,841,8
78846;,4688,4
78591;,4148,4
78506;,2207,2
"7845;""",9381,9
78359;,9625,9
77808;,9304,9
77701;,20856,2
77302;,5955,5
77092;,9899,9
77029;,9826,9
77029;,21355,2
76252;,10858,1
75860;,11439,1
75231;,9457,9
74956;,12412,1
74714;,1494,1
74559;,13184,1
74559;,2185,2
74244;,6639,6
73864;,38153,3
73762;,58233,5
73681;,116977,1
73634;,68734,6
72863;,5503,5
72750;,27573,2
72659;,819,8
72451;,1369,1
72451;,9623,9
72451;,10895,1
72214;,10935,1
72134;,834,8
72000;,228066,2
71940;,711,7
71940;,10468,1
71940;,10027,1
71726;,11812,1
71726;,37233,3
71361;,37950,3
71096;,27582,2
71096;,64688,6
71006;,509,5
70996;,7443,7
70996;,5966,5
70949;,11066,1
70949;,136795,1
70949;,8095,8
70796;,87826,8
70214;,11560,1
69850;,25189,2
69808;,2637,2
69653;,18480,1
69558;,709,7
69558;,49730,4
69558;,2749,2
69042;,9607,9
69042;,1830,1
68826;,79,7
68254;,54054,5
68254;,228967,2
68254;,46528,4
68254;,27936,2
68254;,65,6
68254;,280391,2
67958;,9476,9
67930;,10610,1
67930;,745,7
67628;,49527,4
66598;,73937,7
65855;,1885,1
65657;,168672,1
65657;,18240,1
65645;,10398,1
65645;,165,1
65645;,240832,2
65539;,216015,2
64892;,12279,1
64818;,1645,1
64726;,11007,1
64596;,193756,1
64596;,11287,1
64528;,259693,2
64528;,37799,3
64528;,10184,1
64528;,4257,4
64528;,4234,4
64528;,196,1
64528;,257091,2
64528;,6114,6
64528;,24803,2
64472;,109410,1
64196;,1213,1
63800;,100042,1
63795;,9036,9
63714;,257211,2
63182;,323675,3
63182;,9361,9
63061;,1677,1
63061;,187,1
63061;,7461,7
63061;,16538,1
63061;,9889,9
62901;,820,8
62398;,11565,1
62303;,6073,6
62150;,16996,1
61619;,193610,1
61086;,19912,1
60980;,296098,2
60914;,8007,8
60768;,32823,3
60690;,4380,4
60018;,11551,1
59948;,10336,1
59948;,11362,1
59886;,50348,5
59797;,48138,4
59524;,1124,1
59291;,227159,2
59046;,68179,6
58824;,1579,1
58659;,708,7
58593;,34851,3
58205;,9930,9
58041;,1586,1
57648;,2044,2
57038;,9913,9
56925;,71864,7
56271;,10761,1
56271;,209451,2
56178;,11975,1
56039;,4970,4
56039;,11831,1
55981;,9096,9
55981;,440,4
55981;,11011,1
55941;,10641,1
55763;,11172,1
55490;,39513,3
54000;,82687,8
53949;,41446,4
53664;,8224,8
53614;,10537,1
53456;,225886,2
53163;,10385,1
52980;,55779,5
52894;,10154,1
52437;,10647,1
52350;,11431,1
52318;,8457,8
52203;,188161,1
52203;,8850,8
52203;,64685,6
52203;,38357,3
51767;,10060,1
51721;,11398,1
51489;,1833,1
51450;,10391,1
51311;,8970,8
51094;,9306,9
51047;,11370,1
50795;,12184,1
50795;,1921,1
50795;,1683,1
50795;,203,2
50795;,11858,1
50749;,62835,6
50730;,18937,1
50730;,13536,1
50730;,15556,1
50730;,10718,1
50730;,11062,1
50730;,10802,1
50661;,1887,1
50636;,6071,6
50568;,10461,1
50485;,80278,8
50369;,12704,1
50219;,10315,1
49582;,16643,1
49582;,2687,2
49582;,194,1
49582;,11025,1
49465;,8849,8
49180;,78698,7
49180;,30943,3
49096;,9544,9
48985;,24418,2
"4896;""",7288,7
48603;,14655,1
48573;,24575,2
48553;,10366,1
48123;,19898,1
48057;,4965,4
48042;,15074,1
47817;,56715,5
47582;,1272,1
47538;,72358,7
47512;,20542,2
47512;,266396,2
47452;,9978,9
47169;,8271,8
46928;,10428,1
46928;,5353,5
46805;,11934,1
46742;,14392,1
46638;,19495,1
46483;,110415,1
46066;,77459,7
46054;,26486,2
45261;,9495,9
44925;,256040,2
44728;,24420,2
44307;,1257,1
44131;,62214,6
43605;,16320,1
43554;,8842,8
43423;,9531,9
42548;,64807,6
42400;,12289,1
42400;,11529,1
42202;,20943,2
42118;,9099,9
41912;,9488,9
41809;,193,1
41174;,44865,4
40988;,55787,5
40988;,257932,2
40988;,10400,1
40988;,1957,1
40943;,10833,1
40943;,256961,2
40943;,5852,5
40895;,12312,1
40639;,622,6
40480;,11306,1
40277;,12508,1
40234;,25793,2
40029;,10534,1
39852;,1091,1
39789;,87421,8
39602;,10871,1
39544;,13503,1
39467;,13600,1
39391;,68722,6
39351;,14324,1
38811;,14325,1
38660;,299687,2
38582;,312221,3
38503;,23168,2
38335;,76494,7
38286;,4944,4
38187;,10488,1
38023;,96721,9
37950;,334,3
37616;,23742,2
37527;,259694,2
37185;,62837,6
37185;,8966,8
37185;,8470,8
37034;,11001,1
37034;,138832,1
36798;,16911,1
36606;,2163,2
36348;,36670,3
36316;,23048,2
36135;,227735,2
36101;,2155,2
35845;,8409,8
35791;,222936,2
35710;,31908,3
35480;,10219,1
35372;,48171,4
35243;,782,7
34671;,75531,7
34655;,11802,1
34436;,9776,9
34436;,18785,1
34436;,365222,3
33974;,817,8
33943;,268,2
33943;,45054,4
32551;,943,9
32437;,22881,2
32437;,10054,1
32417;,51540,5
32417;,44264,4
32417;,350,3
31853;,152,1
31853;,109431,1
31853;,1598,1
31675;,8065,8
31464;,271718,2
31464;,11638,1
31420;,409,4
31040;,2118,2
31040;,11459,1
30515;,10806,1
30495;,9348,9
30445;,377,3
30231;,8843,8
29794;,9313,9
29725;,39486,3
29487;,1273,1
29246;,13920,1
29188;,50544,5
28856;,325133,3
28602;,140823,1
28537;,1883,1
28284;,89492,8
28115;,22949,2
27939;,12437,1
27874;,2959,2
278491,9957,9
278313,11648,1
277984,9366,9
277716,1576,1
277359,609,6
277196,5516,5
277196,13051,1
276875,49530,4
27647;,34806,3
27617;,49022,4
27617;,11469,1
27617;,23479,2
27617;,11667,1
27617;,423,4
27617;,2447,2
27486;,10066,1
27300;,2288,2
27083;,88794,8
27064;,13515,1
26728;,11979,1
26544;,169,1
26544;,8090,8
26443;,11622,1
26307;,3604,3
26252;,9541,9
26124;,94348,9
26124;,8197,8
25889;,336004,3
25701;,35019,3
25695;,10410,1
25466;,8836,8
25466;,14442,1
25466;,321741,3
25466;,59965,5
25436;,14175,1
25436;,11004,1
25329;,11918,1
25311;,98357,9
25216;,10012,1
250491,49526,4
249791,268920,2
249791,9093,9
249791,119283,1
249791,11823,1
24890;,35169,3
24861;,118957,1
248403,849,8
247852,4515,4
247852,18886,1
24751;,6575,6
24748;,6440,6
245978,13496,1
245920,18320,1
245827,22787,2
245827,8967,8
245802,37498,3
245802,144336,1
244696,9616,9
243876,13056,1
243794,14113,1
243745,285783,2
243248,49478,4
243206,9726,9
243176,20763,2
242445,9702,9
241239,9311,9
240783,9280,9
24031;,26843,2
24031;,11876,1
240063,22267,2
239912,45958,4
23939;,1969,1
23939;,310706,3
23939;,198663,1
23939;,239573,2
23939;,10436,1
23939;,1381,1
23939;,2162,2
239141,127493,1
238711,12429,1
238711,228205,2
238711,2900,2
238526,21311,2
238065,77875,7
238065,192136,1
237856,18254,1
237465,881,8
236983,10877,1
236983,9600,9
23695;,202575,2
236948,71469,7
236884,85446,8
236288,326,3
236288,10685,1
236283,7220,7
235282,9763,9
235105,72387,7
235105,12596,1
234820,1892,1
234760,13460,1
23439;,8055,8
23439;,50647,5
233077,10719,1
232964,9294,9
23288;,11888,1
232592,9647,9
231890,9353,9
231857,55721,5
231736,109414,1
231081,10307,1
230950,11978,1
230699,22907,2
230522,87567,8
230522,38322,3
230249,45612,4
230030,7305,7
229329,3594,3
229329,157841,1
229329,11519,1
229329,12920,1
229329,59,5
229329,9335,9
229183,12106,1
228886,11141,1
227705,8649,8
227507,31867,3
227447,10253,1
226991,3587,3
226454,124459,1
225989,24662,2
225087,32274,3
225087,182,1
224853,5494,5
224809,28,2
224809,38073,3
224764,2054,2
224764,302156,3
224764,606,6
224581,87502,8
224525,698,6
224446,120467,1
224108,11313,1
22396;,6488,6
223590,10559,1
223530,296099,2
223388,8012,8
22303;,1574,1
22295;,9032,9
222716,2770,2
222152,862,8
222054,1637,1
222050,72570,7
221712,27569,2
221686,10637,1
22167;,1669,1
221552,132363,1
22132;,9472,9
221161,2907,2
22014;,9273,9
22014;,9880,9
22014;,2925,2
218795,807,8
218238,17654,1
218188,11836,1
217727,322,3
217375,70,7
217262,9535,9
216444,11036,1
216444,6557,6
216444,18126,1
215627,16340,1
215606,10333,1
214781,4476,4
214464,22947,2
214309,2755,2
213416,82654,8
213324,59967,5
213305,16300,1
212991,9598,9
212835,82696,8
212167,9870,9
212167,8292,8
211610,8780,8
211137,9715,9
210895,10521,1
210587,10762,1
210080,10096,1
210032,59436,5
209870,227783,2
20963;,4133,4
209148,10207,1
208622,172,1
207721,21972,2
207650,36593,3
207180,707,7
206865,533,5
206787,6023,6
206561,6439,6
20633;,4347,4
206199,37056,3
205448,4105,4
205448,76489,7
205448,3933,3
204474,9918,9
20409;,273481,2
203968,307081,3
203900,16871,1
203900,293863,2
203881,13156,1
202882,41233,4
202743,9266,9
202447,1262,1
202127,4513,4
20207;,22970,2
20180;,7278,7
20180;,9013,9
20180;,865,8
201365,10776,1
200674,50456,5
200674,9823,9
200674,59861,5
200385,133805,1
199904,12763,1
199845,9766,9
199827,14034,1
199167,12244,1
198147,109421,1
197659,11137,1
197591,51162,5
197124,10152,1
19592;,9452,9
19542;,239566,2
194500,53113,5
194320,9271,9
193560,4474,4
192172,184346,1
192135,48340,4
192135,14846,1
19206;,72207,7
192043,16232,1
191698,43539,4
191544,9920,9
191544,8978,8
191544,11702,1
191389,18550,1
190947,8869,8
190925,43347,4
19085;,3489,3
190842,9701,9
190478,2122,2
18963;,37707,3
189323,10658,1
18850;,13150,1
188010,9042,9
18780;,17813,1
187170,11208,1
186623,58151,5
185923,11400,1
185392,10350,1
184985,28902,2
184685,14164,1
184672,76640,7
183995,11058,1
183958,14844,1
183666,57089,5
183141,1947,1
183029,8054,8
182879,46829,4
182642,146238,1
182642,9989,9
182596,9665,9
182085,311,3
180436,102362,1
180378,11162,1
179978,6016,6
179812,17186,1
179731,13967,1
179731,2008,2
179203,9053,9
179075,4512,4
179075,76349,7
178950,31203,3
178950,265208,2
178950,45610,4
178534,50135,5
17841;,1874,1
178181,271331,2
178093,215211,2
178079,367961,3
17724;,10955,1
177146,223702,2
176465,254470,2
176110,69,6
176099,4967,4
175886,9449,9
175451,11499,1
175100,4912,4
174791,12771,1
174692,323676,3
174692,12506,1
174692,24071,2
174070,11249,1
174062,9667,9
173650,812,8
173650,277216,2
173291,87,8
172742,14444,1
172742,2043,2
172742,315664,3
172742,1428,1
172742,562,5
172326,15373,1
171169,318846,3
170572,26320,2
170158,14292,1
16938;,924,9
169233,2018,2
169057,192577,1
168984,9428,9
16882;,2832,2
167587,137093,1
16732;,699,6
16721;,9778,9
16721;,8831,8
166856,9398,9
166825,112949,1
166785,10439,1
166785,3638,3
16634;,23483,2
166123,62206,6
166123,10577,1
166032,218778,2
165802,4348,4
165652,78,7
164864,11780,1
164847,192102,1
164561,2001,2
164552,10383,1
164513,11516,1
164206,10025,1
164025,15198,1
163761,23172,2
163761,17834,1
163613,10016,1
163350,10317,1
163317,58431,5
162480,9746,9
161252,13092,1
161041,59859,5
161037,13495,1
161037,254473,2
160867,700,7
16061;,4964,4
160334,10024,1
159863,13490,1
159337,15927,1
15922;,1259,1
15922;,5125,5
15922;,174,1
15922;,9583,9
159014,9437,9
158559,525,5
15841;,10188,1
157594,63574,6
157431,245,2
157431,9825,9
157431,186,1
15695;,9549,9
156837,61891,6
15670;,34584,3
156468,2666,2
156269,12783,1
156190,13155,1
155495,42807,4
155495,28355,2
155463,8080,8
155463,5126,5
154781,56288,5
154679,303858,3
154176,1613,1
153322,31582,3
152309,16617,1
151483,8944,8
15136;,41488,4
15100;,37028,3
15100;,14560,1
15100;,10330,1
15100;,6957,6
150825,1934,1
150547,169917,1
149133,951,9
149086,10189,1
147597,9454,9
147597,2055,2
147310,1551,1
147141,5902,5
146522,11460,1
14638;,9358,9
145861,134,1
145451,22894,2
14461;,134374,1
144602,1901,1
144602,15028,1
144232,11509,1
14387;,7445,7
143628,17047,1
14326;,62838,6
143175,2057,2
142665,70436,7
14232;,16784,1
14229;,8011,8
140335,31640,3
139913,9092,9
139798,2779,2
138797,316002,3
13875;,36355,3
138602,238615,2
137859,1985,1
137822,615,6
137755,788,7
137348,380,3
137190,13223,1
13716;,10523,1
13709;,8681,8
136908,239571,2
13675;,619,6
13675;,424,4
13675;,50014,5
13675;,162903,1
13675;,11024,1
136508,208763,2
135892,6466,6
13573;,254024,2
135277,12589,1
135277,7191,7
13491;,1497,1
134243,117,1
134066,6977,6
13403;,168530,1
132855,634,6
132517,392,3
132381,10327,1
13233;,88042,8
13148;,41630,4
131046,11969,1
13082;,2085,2
130166,794,7
129289,9286,9
128672,77877,7
12856;,1265,1
128559,866,8
127429,175555,1
127324,75174,7
127245,11096,1
127245,8699,8
127035,769,7
12614;,10923,1
12592;,11283,1
125774,111,1
125692,11676,1
12538;,746,7
12538;,77866,7
12538;,9416,9
125213,7345,7
125203,14317,1
125187,20694,2
125027,12277,1
124573,9779,9
124304,2140,2
124197,12620,1
123732,14177,1
122493,198185,1
121986,227156,2
12154;,10735,1
121184,11351,1
121160,10030,1
120976,10623,1
120928,590,5
120695,9655,9
120663,1268,1
120548,11237,1
12051;,190955,1
120449,5123,5
11974;,4518,4
11965;,11932,1
119317,11165,1
119281,6116,6
118923,57431,5
11879;,21724,2
118249,278,2
117941,9290,9
117941,11543,1
117109,284536,2
116943,152737,1
11690;,13374,1
11690;,8976,8
11690;,319888,3
116819,9469,9
11676;,1909,1
11676;,22971,2
11676;,34813,3
11676;,46261,4
11676;,10431,1
11676;,8051,8
11676;,9352,9
11676;,10167,1
11676;,18147,1
11676;,17170,1
11676;,18975,1
11676;,15487,1
11676;,22825,2
11676;,11152,1
11676;,1831,1
11676;,43931,4
11676;,10591,1
11676;,10861,1
11676;,12770,1
11676;,276907,2
11676;,10074,1
11676;,65055,6
11676;,10397,1
11676;,200505,2
11676;,11954,1
11676;,60309,6
11676;,9787,9
11676;,293646,2
11676;,6978,6
11676;,133698,1
11676;,59440,5
11676;,1770,1
11676;,10655,1
11676;,8988,8
11676;,15992,1
11676;,17707,1
116599,77883,7
116406,40001,4
116349,64639,6
116210,9903,9
115633,21338,2
115537,20766,2
115536,24264,2
115286,19803,1
114868,20309,2
114865,9912,9
114662,9067,9
113528,27360,2
112898,8338,8
112898,168705,1
11198;,72113,7
111816,9729,9
11174;,94352,9
111595,22256,2
10963;,12404,1
109524,152742,1
108799,11699,1
108487,49953,4
108458,48034,4
108243,39845,3
107951,25353,2
107899,36696,3
106936,109091,1
106553,38543,3
106302,33157,3
10620;,290864,2
105562,242166,2
105187,859,8
105144,83770,8
105098,168,1
105060,1246,1
105014,4233,4
104059,174751,1
102842,184098,1
102359,2069,2
102071,1788,1
102071,11635,1
101709,177,1
101517,3600,3
100832,2621,2
100410,10358,1
100345,10480,1
100345,10313,1
100345,18828,1
100345,3558,3
100345,13476,1
100345,10208,1
100345,24961,2
100345,20697,2
100345,20761,2
100345,70868,7
100345,43593,4
100345,6478,6
100345,40688,4
100096,26672,2
99718;,45881,4
99630;,41283,4
"9856;""",4935,4
98297;,19908,1
98297;,10663,1
98135;,1891,1
98135;,9737,9
97312;,37137,3
96843;,9532,9
96839;,10316,1
96670;,2787,2
96448;,12658,1
95336;,152601,1
95193;,10866,1
95193;,227707,2
95193;,21349,2
95193;,19150,1
95193;,70435,7
95193;,580,5
95193;,9819,9
95193;,13579,1
95193;,20024,2
95193;,2453,2
95193;,6973,6
95193;,11156,1
95193;,354110,3
95193;,22215,2
95193;,11632,1
95193;,30596,3
95193;,3021,3
94965;,957,9
94618;,256917,2
94618;,251,2
94618;,544,5
94618;,11395,1
94155;,14635,1
93247;,13680,1
93141;,688,6
92853;,11090,1
92853;,783,7
92405;,228194,2
92336;,1642,1
92204;,10950,1
91931;,235260,2
91832;,277,2
"9177;""",8999,8
90856;,11323,1
90677;,10445,1
90512;,11453,1
89545;,146239,1
89545;,205588,2
89340;,10878,1
89240;,82650,8
89195;,10279,1
"8890;""",2294,2
88733;,2176,2
88468;,270487,2
88468;,19366,1
88468;,204082,2
88468;,24100,2
88468;,1599,1
88468;,5550,5
88468;,30379,3
88468;,42586,4
88468;,17709,1
88468;,287948,2
88468;,7548,7
88468;,9075,9
88468;,11661,1
88468;,109513,1
88468;,12085,1
88468;,204922,2
88468;,38985,3
88468;,44113,4
88468;,21494,2
88468;,164457,1
88468;,4566,4
88468;,17795,1
87729;,1073,1
"8739;""",153158,1
86517;,81836,8
86337;,10724,1
86202;,9473,9
85805;,2196,2
85638;,1499,1
84869;,20857,2
84828;,82693,8
84640;,1646,1
84403;,44944,4
84126;,4108,4
83946;,8456,8
"8394;""",7341,7
83427;,19255,1
"8284;""",10187,1
82839;,31005,3
82164;,49517,4
81337;,44857,4
80973;,50780,5
80954;,16363,1
"7958;""",1946,1
78797;,85,8
76499;,772,7
76499;,840,8
76168;,9682,9
"7552;""",96,9
75439;,10678,1
"7534;""",274,2
75110;,8872,8
73504;,16290,1
72451;,579,5
72190;,14405,1
"7155;""",138843,1
"7155;""",11637,1
71144;,226486,2
71073;,1584,1
71073;,9312,9
71073;,12153,1
71073;,65057,6
70922;,8326,8
70872;,35690,3
70594;,76203,7
70572;,13497,1
70564;,35688,3
70193;,162,1
70013;,296096,2
69850;,103370,1
69808;,1051,1
69558;,376659,3
68436;,10073,1
67930;,16690,1
67656;,273895,2
67298;,14873,1
"6712;""",8968,8
66619;,9963,9
66424;,15655,1
66417;,21208,2
65756;,272878,2
"6575;""",9760,9
"6575;""",314365,3
"6564;""",13279,1
64943;,1975,1
64026;,33644,3
64026;,1649,1
62300;,9895,9
61910;,9570,9
61910;,27579,2
61764;,16052,1
61704;,40264,4
61704;,1164,1
61619;,239678,2
61244;,14359,1
60955;,3989,3
60861;,76617,7
59971;,1710,1
59765;,4258,4
59621;,20391,2
"5956;""",10139,1
58821;,335778,3
58821;,9645,9
57698;,55465,5
"5722;""",617,6
57002;,19904,1
56039;,48289,4
55492;,243,2
55490;,6933,6
55490;,17182,1
55490;,8848,8
54828;,38,3
54031;,38303,3
53707;,1266,1
52716;,107985,1
52716;,14043,1
52542;,19901,1
"5201;""",34016,3
51901;,59860,5
51901;,10069,1
51901;,9588,9
51901;,12819,1
51610;,9954,9
51450;,10115,1
51386;,25132,2
51252;,577,5
51252;,328387,3
51252;,12690,1
"5118;""",9945,9
51094;,539,5
"5091;""",13596,1
50795;,226857,2
50795;,13159,1
50730;,47941,4
50730;,526,5
50730;,22796,2
50730;,2355,2
50730;,5915,5
50714;,9842,9
50321;,61012,6
50321;,755,7
49582;,13682,1
49560;,9089,9
49330;,9470,9
49155;,18357,1
49109;,7979,7
"4814;""",470,4
48057;,15644,1
48057;,9582,9
47235;,10642,1
45591;,22074,2
45557;,2428,2
"4435;""",290751,2
44334;,13805,1
43946;,4597,4
"4334;""",9414,9
"4334;""",63492,6
"4334;""",81796,8
"4334;""",10710,1
42756;,15092,1
42400;,11382,1
42400;,15005,1
42011;,8198,8
41921;,6963,6
41700;,15070,1
40943;,12797,1
40943;,17134,1
40480;,41402,4
40480;,18885,1
40480;,4953,4
"4033;""",10773,1
40300;,146198,1
39950;,2639,2
39855;,10563,1
39326;,295964,2
39326;,5971,5
39326;,9716,9
39326;,11835,1
39326;,26171,2
38157;,31117,3
38023;,9074,9
"3743;""",14396,1
37185;,15673,1
36606;,42618,4
36606;,171274,1
36135;,24432,2
35859;,109417,1
35859;,13948,1
35789;,106747,1
35424;,10929,1
35050;,14220,1
34864;,46435,4
"3402;""",256962,2
33315;,48231,4
32954;,3509,3
"3224;""",82684,8
32196;,12142,1
32195;,23367,2
32110;,10740,1
31698;,241239,2
"3145;""",14582,1
31386;,14914,1
31315;,3902,3
31229;,77948,7
30889;,21755,2
30711;,4960,4
30585;,128,1
30547;,14652,1
"3017;""",40932,4
29117;,16608,1
28695;,334531,3
28552;,32316,3
28537;,7299,7
28523;,13405,1
278851,19457,1
278843,112937,1
278832,314385,3
278832,8953,8
278832,29078,2
278831,46503,4
278818,10448,1
278807,13688,1
278772,10353,1
278750,43935,4
278698,11458,1
278694,44638,4
278675,241257,2
278663,14538,1
278659,13250,1
278633,133931,1
278633,280871,2
278633,239897,2
278608,184341,1
278608,334074,3
278597,199373,1
278582,14202,1
278582,6968,6
278582,581,5
278582,52449,5
278582,12150,1
278582,11247,1
278582,4232,4
278563,9378,9
278563,694,6
278563,105,1
278563,11377,1
278554,26367,2
278554,385383,3
278552,41210,4
278550,12090,1
278543,62630,6
278541,16110,1
278535,29427,2
278535,129,1
278535,244114,2
278525,2669,2
278524,203833,2
278524,13523,1
278501,25195,2
278491,17277,1
278487,50725,5
278465,82631,8
278461,73191,7
278422,22479,2
278419,340611,3
278418,10065,1
278418,2757,2
278418,11683,1
278418,244339,2
278418,1878,1
278418,23082,2
278418,195589,1
278407,854,8
278390,2280,2
278364,496,4
278357,8835,8
278356,157,1
278356,8643,8
278356,10402,1
278356,218043,2
278356,9043,9
278356,21301,2
278356,10147,1
278346,816,8
278333,302688,3
278259,60307,6
278253,106,1
278249,279,2
278238,8617,8
278221,10625,1
278221,10934,1
278221,5279,5
278221,10013,1
278221,194662,1
278221,160588,1
278221,9829,9
278221,10028,1
278221,10535,1
278221,790,7
278218,43959,4
278215,10364,1
278202,16991,1
278202,9610,9
"2782;""",1578,1
278194,25643,2
278162,11904,1
278137,28665,2
278130,44115,4
278122,10569,1
278098,10560,1
278057,333348,3
278054,20483,2
278054,11457,1
278054,321697,3
278034,19840,1
277988,22327,2
277984,38665,3
277984,2575,2
277984,11644,1
277984,146227,1
277984,68924,6
277984,253235,2
277984,22102,2
277982,18701,1
277982,10068,1
277965,848,8
277965,36811,3
277965,522,5
277965,130150,1
277965,12246,1
277965,13809,1
277965,27380,2
277964,10549,1
277959,33870,3
277954,245703,2
277954,10739,1
277954,127560,1
277938,37903,3
277929,396152,3
277928,10017,1
277928,11468,1
277928,193613,1
277928,17436,1
277928,43434,4
277928,31166,3
277923,69848,6
277923,8408,8
277923,332411,3
277923,9389,9
277922,9626,9
277922,75638,7
277911,8363,8
277901,15670,1
277873,290555,2
277873,8328,8
277872,10982,1
277835,205,2
277833,1620,1
277830,175541,1
277825,241254,2
277817,31932,3
277744,1933,1
277744,679,6
277740,11113,1
277727,3597,3
277727,193893,1
277722,9675,9
277714,9988,9
277711,948,9
277711,21765,2
277711,146304,1
277710,7516,7
277697,41439,4
277657,2752,2
277651,9429,9
277650,38117,3
277627,9792,9
277627,13778,1
277622,228203,2
277574,41382,4
277565,13960,1
277556,114150,1
277548,26602,2
277538,10223,1
277527,16028,1
277527,15639,1
277523,16112,1
277523,26390,2
277523,27759,2
277523,109428,1
277523,23049,2
277523,9310,9
277523,11411,1
277523,16988,1
277523,7304,7
277523,24747,2
277523,58048,5
277523,1491,1
277523,2989,2
277523,10629,1
277523,255343,2
277523,4723,4
277523,10800,1
277523,25763,2
277523,79694,7
277523,4032,4
277523,18615,1
277523,10673,1
277523,4584,4
277523,2977,2
277519,10760,1
277517,11093,1
277514,207,2
277514,8467,8
277509,639,6
277506,24226,2
277478,9285,9
277478,14709,1
277478,74643,7
277478,13788,1
277471,83666,8
277462,10781,1
277436,318850,3
277436,13908,1
277436,1417,1
277436,39180,3
277427,16161,1
277427,49950,4
277427,10956,1
277427,9594,9
277427,4638,4
277427,13972,1
277427,5038,5
277427,13491,1
277427,10571,1
277427,10994,1
277427,19994,1
277427,25166,2
277427,30890,3
277427,23169,2
277427,17403,1
277427,12120,1
277427,9800,9
277427,1090,1
277427,18475,1
277427,40160,4
277427,18074,1
277427,9689,9
277427,9781,9
277427,8009,8
277427,3877,3
277427,8854,8
277427,152599,1
277427,18840,1
277427,68727,6
277427,12657,1
277427,8265,8
277427,12410,1
277427,34647,3
277427,73935,7
277427,28178,2
277427,185567,1
277427,264656,2
277427,35696,3
277427,16351,1
277427,38717,3
277427,18777,1
277427,2110,2
277427,9035,9
277427,90,9
277427,771,7
277427,12154,1
277400,9576,9
277367,744,7
277358,146,1
277351,14,1
277339,45269,4
277305,9493,9
277291,22556,2
277265,873,8
277246,33196,3
277244,205596,2
277235,10765,1
277232,16769,1
277203,33217,3
277203,132232,1
277196,11153,1
277195,208134,2
277195,1165,1
277195,4011,4
277195,17202,1
277195,9587,9
277195,65086,6
277195,10053,1
277195,11870,1
277195,11778,1
277187,586,5
277179,18736,1
277171,134411,1
277159,287903,2
277143,9276,9
277107,15765,1
277107,2142,2
277094,11397,1
277087,77016,7
277087,11478,1
277087,266856,2
277051,13411,1
277051,10564,1
277036,947,9
277028,24150,2
277012,228970,2
277010,18405,1
276994,6961,6
276986,11442,1
276986,2493,2
276986,14047,1
276986,64690,6
276984,11132,1
276984,17127,1
276984,1562,1
276964,232679,2
276964,17880,1
276964,14736,1
276964,9434,9
276964,23706,2
276964,11531,1
276954,9100,9
276954,116,1
276953,38843,3
276939,1245,1
276934,4995,4
276929,10413,1
276929,14012,1
276929,9793,9
276929,12212,1
276929,13768,1
276929,8975,8
276929,342521,3
276928,45272,4
276928,9424,9
276928,97367,9
276927,254904,2
276925,18681,1
276925,12162,1
276904,11495,1
276904,64689,6
276904,157849,1
276896,13166,1
276875,15511,1
276872,37003,3
276863,12211,1
276861,13816,1
276859,51828,5
276859,22798,2
276847,7501,7
276847,10743,1
276847,37718,3
276847,15237,1
276847,9686,9
276847,17644,1
276847,97430,9
276847,12257,1
276847,13539,1
276847,68,6
276847,14024,1
276847,115,1
276847,7874,7
276835,4911,4
276822,1988,1
276822,16222,1
276822,9557,9
276822,9026,9
276822,57943,5
276822,18276,1
276822,8321,8
276811,72359,7
276808,10186,1
276788,25704,2
276772,133694,1
276772,19265,1
276762,36047,3
276760,8053,8
27617;,2290,2
27617;,5236,5
27017;,6552,6
26921;,1018,1
26827;,10075,1
26535;,38031,3
26517;,42188,4
26326;,112430,1
26261;,6687,6
"2568;""",13853,1
25422;,31306,3
25309;,8461,8
25131;,331592,3
25131;,47692,4
250764,19,1
250764,10045,1
250764,400,4
250760,253450,2
250750,9104,9
250734,11190,1
250734,16353,1
250733,23759,2
250709,24206,2
250709,10185,1
250709,75033,7
250709,74536,7
250683,31668,3
250683,13501,1
250683,15208,1
250683,172391,1
250683,262543,2
250683,9288,9
250683,370980,3
250683,20083,2
250683,40880,4
250683,137,1
250683,264999,2
250683,454,4
250683,53457,5
250679,288980,2
250667,33,3
250650,1951,1
250645,12405,1
250644,10998,1
250634,114,1
250634,9396,9
250629,319910,3
250625,2604,2
250621,864,8
250609,14435,1
250604,1931,1
250567,691,6
250547,9877,9
250543,62008,6
250543,12227,1
250543,13824,1
250543,71688,7
250543,15173,1
250543,8291,8
250543,13950,1
250543,12158,1
250543,11586,1
250543,10008,1
250533,2830,2
250532,12403,1
250518,34563,3
250494,14557,1
250494,10368,1
250494,10280,1
250485,12637,1
250483,34152,3
250477,14434,1
250444,11470,1
250431,10741,1
250428,24940,2
250414,82679,8
250413,2013,2
250413,1440,1
250413,18041,1
250413,28029,2
250409,1123,1
250409,14033,1
250409,87729,8
250407,16899,1
250406,41317,4
250405,245700,2
250405,37842,3
250405,9045,9
250405,44092,4
250405,16005,1
250405,44754,4
250405,23988,2
250405,43949,4
250405,142,1
250405,9603,9
250405,10712,1
250405,243938,2
250405,10876,1
250405,86838,8
250405,25208,2
250405,613,6
250405,1913,1
250405,97370,9
250405,801,8
250405,70829,7
250405,54518,5
250405,44214,4
250405,240,2
250405,9816,9
250405,10131,1
250405,339984,3
250405,8859,8
250405,11967,1
250405,239563,2
250405,222899,2
250405,4951,4
250405,10985,1
250405,9644,9
250405,332567,3
250405,1954,1
250405,15489,1
250405,15250,1
250405,22345,2
250405,9448,9
250405,38223,3
250405,11186,1
250405,136835,1
250405,5876,5
250405,264660,2
250405,492,4
250400,25462,2
250383,238603,2
250383,10691,1
250368,1251,1
250368,5172,5
250367,58680,5
250367,264644,2
250367,14577,1
250367,11592,1
250359,16406,1
250359,19052,1
250359,3682,3
250359,9683,9
250342,2084,2
250333,107811,1
250333,2266,2
250322,13074,1
250322,144340,1
250301,48217,4
250301,28211,2
250301,47502,4
250301,9950,9
250300,84892,8
250300,24227,2
250300,9672,9
250300,44853,4
250300,157544,1
250300,59678,5
250300,79777,7
250300,158011,1
250258,407887,4
250253,17043,1
250253,8952,8
250249,62204,6
250246,13435,1
250242,17187,1
250242,319,3
250242,59457,5
250219,9504,9
250197,37414,3
250192,6217,6
250192,26688,2
250184,43867,4
250184,6615,6
250184,14574,1
250184,16,1
250184,39780,3
250163,21612,2
250162,36691,3
250155,23631,2
250155,45324,4
250155,12144,1
250153,11658,1
250153,56601,5
250137,9552,9
250137,578,5
250110,2105,2
250101,126319,1
250101,10136,1
250101,67660,6
250101,10611,1
250101,154,1
250101,3049,3
250101,860,8
250101,9281,9
250101,75674,7
250101,9762,9
250080,3179,3
250078,184,1
250068,13335,1
250064,76726,7
250061,10269,1
250061,36819,3
250061,17130,1
250061,57214,5
250051,11202,1
250043,9357,9
250016,13812,1
250015,9030,9
249991,19084,1
249989,8386,8
249984,10437,1
249979,1360,1
249958,101267,1
249958,222935,2
249958,10220,1
249958,284296,2
249958,31915,3
249958,11601,1
249958,205220,2
249958,11354,1
249958,16241,1
249958,14191,1
249958,286565,2
249958,26710,2
249958,129670,1
249958,9059,9
249958,34549,3
249958,57157,5
249958,1948,1
249958,28353,2
249958,46889,4
249958,38093,3
249958,14976,1
249958,11027,1
249958,3635,3
249958,387,3
249958,6020,6
249958,122906,1
249958,9550,9
249958,60599,6
249958,227719,2
249958,14299,1
249958,19419,1
249958,12088,1
249958,14799,1
249953,9466,9
249953,7510,7
249953,31246,3
249953,61752,6
249953,10944,1
249953,10362,1
249953,14778,1
249953,1255,1
249953,45226,4
249953,10212,1
249953,8669,8
249953,179144,1
249953,16857,1
249953,86825,8
249953,844,8
249953,8060,8
249953,15907,1
249953,38448,3
249953,327,3
249953,9260,9
249953,61337,6
249953,13079,1
249953,89325,8
249953,4170,4
249953,41508,4
249953,12479,1
249953,44555,4
249953,10133,1
249953,21345,2
249953,173931,1
249953,61984,6
249953,50601,5
249953,26466,2
249953,345003,3
249953,236751,2
249953,107,1
249953,357837,3
249953,8913,8
249953,13889,1
249953,18530,1
249933,358451,3
249896,927,9
249894,11,1
249894,291870,2
249894,907,9
249894,206563,2
249894,11887,1
249894,45317,4
249894,12094,1
249894,10377,1
249894,249164,2
249894,256092,2
249894,9942,9
249894,10748,1
249894,1817,1
249894,10229,1
249894,687,6
249894,796,7
249894,22804,2
249894,10156,1
249894,12837,1
249894,17708,1
249894,13937,1
249894,28932,2
249894,31909,3
249894,167073,1
249894,3175,3
249894,14369,1
249894,16888,1
249894,121826,1
249894,10646,1
249894,12149,1
249894,304357,3
249894,11184,1
249894,766,7
249894,20009,2
249894,1587,1
249894,30973,3
249894,11109,1
249894,9027,9
249894,63020,6
249894,86829,8
249894,11065,1
249894,13888,1
249894,42345,4
249862,13994,1
249862,1590,1
249862,62728,6
249862,11917,1
249862,45138,4
249862,80271,8
249862,4657,4
249862,14395,1
249862,24137,2
249862,190847,1
249862,11056,1
249862,62,6
249862,601,6
249862,13067,1
249862,25379,2
249862,88641,8
249862,58051,5
249862,14877,1
249862,96399,9
249862,304410,3
249862,489,4
249862,373314,3
249862,214,2
249862,10890,1
249862,1588,1
249862,316727,3
249862,10314,1
249862,663,6
249862,11804,1
249862,16781,1
249862,11873,1
249862,9289,9
249862,10414,1
249862,1970,1
249862,9614,9
249862,8922,8
249862,1648,1
249862,17917,1
249862,74534,7
249862,19405,1
249862,9355,9
249862,10999,1
249862,321258,3
249862,44040,4
249862,10426,1
249862,280092,2
249862,13938,1
249862,10163,1
249862,12182,1
249862,1832,1
249862,9034,9
249862,15301,1
249862,10135,1
249862,26352,2
249862,20616,2
249862,9794,9
249862,15037,1
249862,227,2
249862,294272,2
249862,11336,1
249862,283445,2
249862,88036,8
249862,10984,1
249862,22824,2
249862,9526,9
249862,39349,3
249862,15983,1
249862,14544,1
249862,11545,1
249862,42684,4
249862,268238,2
249862,8359,8
249862,15648,1
249862,41823,4
249862,11891,1
249861,9362,9
249848,9902,9
249826,14729,1
249826,9455,9
249826,103731,1
249826,10090,1
249799,164558,1
249795,19905,1
249791,17710,1
249791,75900,7
249791,9515,9
249791,27322,2
249791,328425,3
249773,14120,1
249746,10050,1
249732,1542,1
249725,10490,1
249673,87093,8
249673,10029,1
249673,9893,9
249649,11507,1
249649,37931,3
249641,3472,3
249628,87818,8
249628,13160,1
249628,88005,8
249628,52067,5
249628,73,7
249628,134597,1
249628,24034,2
249628,14283,1
249628,404,4
249628,13201,1
249628,209403,2
249628,7942,7
249628,73247,7
249628,253331,2
249628,34043,3
249628,9952,9
249628,256924,2
249628,82532,8
249628,41110,4
249598,134371,1
249584,2088,2
249543,10388,1
249504,1640,1
249501,25520,2
249501,27342,2
249501,13689,1
249496,67911,6
249496,24664,2
249496,329440,3
249496,47890,4
249488,252512,2
24941;,55720,5
249407,9613,9
249407,29076,2
249407,29339,2
249407,68812,6
249407,32740,3
249407,14195,1
249407,73567,7
249407,41479,4
249401,15394,1
249389,10071,1
249353,1989,1
249331,91076,9
249320,12779,1
249320,13191,1
249320,11770,1
249315,12703,1
249305,64559,6
249305,222649,2
249305,115872,1
249286,101173,1
249262,25350,2
249252,10034,1
249246,20178,2
249246,5072,5
249235,18191,1
249235,31007,3
249235,11546,1
249228,41894,4
249220,184374,1
249220,268171,2
249220,78149,7
249220,24663,2
249220,39037,3
249210,22805,2
249210,39055,3
249210,245846,2
249209,25186,2
249200,15017,1
249193,12245,1
249193,49787,4
249185,16358,1
249150,7006,7
249150,66767,6
249150,17622,1
249148,283671,2
249128,18516,1
249128,217708,2
249128,42057,4
249128,17577,1
249128,14608,1
249128,34417,3
249128,15067,1
249122,78383,7
249121,43090,4
249114,16614,1
249111,9700,9
249111,10471,1
249103,250066,2
249103,667,6
249096,208869,2
249096,86837,8
249096,10306,1
249096,106845,1
249096,11576,1
249096,219,2
249096,11827,1
249096,22820,2
249086,31174,3
249086,244316,2
249072,37737,3
249071,62215,6
249071,66125,6
249064,132316,1
249058,348,3
249058,30497,3
249058,27586,2
249058,14811,1
249058,660,6
249058,68684,6
249058,40794,4
249058,9400,9
249058,16162,1
249058,10585,1
249058,2359,2
249058,238636,2
249058,10472,1
249058,11282,1
249058,6521,6
249048,14181,1
249044,1621,1
249026,9656,9
249012,16428,1
249012,10705,1
249000,8272,8
248997,24621,2
248990,1619,1
248981,9685,9
248948,14425,1
248948,14624,1
248942,10179,1
248922,15568,1
248915,14057,1
248915,12621,1
248915,1808,1
248915,293670,2
248915,67675,6
248915,27329,2
248850,29514,2
248850,250349,2
248850,12454,1
248850,39806,3
248850,15699,1
248850,8883,8
248850,17926,1
248850,291081,2
248850,41248,4
248850,25968,2
248850,9671,9
248850,52010,5
248850,11588,1
248850,43418,4
248824,71157,7
248815,13483,1
248805,333355,3
248805,327833,3
248805,1547,1
248805,25196,2
248772,16323,1
248772,175528,1
248772,8069,8
248763,71805,7
248763,9451,9
248757,16727,1
248755,272693,2
248755,10696,1
248749,150202,1
248749,19644,1
248749,29963,2
248744,26022,2
248727,152747,1
248722,62676,6
248718,20360,2
248718,1116,1
248718,185008,1
248718,11620,1
248718,14353,1
248718,11818,1
248718,680,6
248718,11176,1
248718,242582,2
248718,11217,1
248718,15121,1
248718,2619,2
248718,773,7
248718,235,2
248718,170,1
248718,14114,1
248718,10734,1
248718,37964,3
248718,28121,2
248718,40807,4
248718,10885,1
248718,225565,2
248718,16471,1
248718,385736,3
248718,11971,1
248718,668,6
248718,11596,1
248718,14429,1
248718,13751,1
248718,9490,9
248718,14536,1
248718,1359,1
248718,9962,9
248718,15049,1
248718,22821,2
248718,42819,4
248718,209263,2
248718,37735,3
248718,59930,5
248718,10873,1
248718,51588,5
248718,23570,2
248718,19489,1
248718,14629,1
248718,8293,8
248718,291270,2
248718,44009,4
248718,1958,1
248718,13154,1
248718,26618,2
248718,43923,4
248718,46138,4
248718,45791,4
248718,26306,2
248718,110683,1
248718,26963,2
248718,198277,1
248718,7870,7
248718,13072,1
248718,153397,1
248718,30141,3
248718,17044,1
248718,10288,1
248718,12183,1
248718,44147,4
248718,12192,1
248718,36597,3
248718,13197,1
248718,10913,1
248718,251321,2
248718,149,1
248718,10425,1
248718,49081,4
248718,256687,2
248718,220488,2
248718,1544,1
248718,374461,3
248718,302,3
248718,182873,1
248718,21512,2
248718,389425,3
248718,403,4
248718,29461,2
248718,33542,3
248718,283708,2
248718,9388,9
248718,1691,1
248718,24684,2
248718,2610,2
248718,11308,1
248718,11022,1
248718,34341,3
248718,15365,1
248718,36046,3
248718,12569,1
248718,24356,2
248718,55903,5
248718,2577,2
248718,103903,1
248718,73873,7
248718,312113,3
248718,14165,1
248718,2011,2
248718,45650,4
248718,7735,7
248718,301365,3
248718,25941,2
248718,29064,2
248718,7326,7
248718,326284,3
248718,681,6
248718,238,2
248718,535,5
248718,19913,1
248718,713,7
248718,77930,7
248718,10727,1
248718,253,2
248718,17908,1
248718,8390,8
248718,57119,5
248718,3291,3
248718,398,3
248718,8068,8
248718,10803,1
248718,682,6
248718,10117,1
248718,9392,9
248718,24977,2
248718,79316,7
248718,2074,2
248718,1696,1
248718,308639,3
248718,22314,2
248718,2662,2
248718,77156,7
248718,12573,1
248718,44718,4
248718,11342,1
248718,241771,2
248718,34653,3
248718,11051,1
248718,14578,1
248718,57825,5
248718,9555,9
248718,15581,1
248718,13006,1
248718,16651,1
248718,4251,4
248718,12400,1
248718,39053,3
248718,104896,1
248718,14112,1
248718,12271,1
248718,71859,7
248718,226354,2
248718,48620,4
248718,33676,3
248718,37080,3
248718,25388,2
248718,11687,1
248718,39210,3
248718,30128,3
248718,31535,3
248717,44835,4
248698,192134,1
248680,1956,1
248666,24985,2
248656,306745,3
248656,47088,4
248656,110402,1
248643,27004,2
248626,15013,1
248613,8374,8
248602,277519,2
248572,78381,7
248572,164372,1
248572,294512,2
248572,8879,8
248547,13001,1
248547,9571,9
248547,13649,1
248547,325373,3
248547,334527,3
248540,2211,2
248540,13919,1
248539,14576,1
248496,82505,8
248496,46738,4
248496,38970,3
248496,41009,4
248496,7347,7
248496,250546,2
248496,38415,3
248496,650,6
248496,16620,1
248496,25113,2
248496,11033,1
248496,34723,3
248496,9430,9
248496,8998,8
248496,10514,1
248496,10496,1
248496,1591,1
248496,76025,7
248496,4836,4
248496,14631,1
248496,87499,8
248492,18923,1
248492,26665,2
248492,28089,2
248492,62255,6
248492,5708,5
248492,218,2
248492,338,3
248492,21641,2
248492,10925,1
248488,2293,2
248484,621,6
248477,792,7
248477,1777,1
248477,642,6
248477,433,4
248477,16619,1
248477,1725,1
248464,11977,1
248464,20322,2
248464,16158,1
248464,629,6
248464,10160,1
248455,11452,1
248455,12163,1
248455,32275,3
248455,13785,1
248455,1103,1
248398,36739,3
248373,14144,1
248372,10622,1
248365,13370,1
248356,11191,1
248356,10215,1
248356,25066,2
248356,1523,1
248356,11361,1
248356,92591,9
248356,57612,5
248356,12509,1
248356,15256,1
248356,83686,8
248356,80304,8
248356,28053,2
248356,67913,6
248356,13991,1
248356,1443,1
248356,8545,8
248356,19556,1
248356,231576,2
248356,16172,1
248356,13403,1
248356,15797,1
248356,347764,3
248356,13537,1
248356,20794,2
248356,31064,3
248356,576,5
248356,13990,1
248356,11583,1
248356,18602,1
248356,27549,2
248356,59728,5
248356,10930,1
248356,32395,3
248337,58882,5
248325,7547,7
248325,35944,3
248318,42222,4
248318,13827,1
248317,44260,4
248293,9282,9
248289,38940,3
248289,35689,3
248289,97614,9
248289,37206,3
248289,58626,5
248280,183894,1
248277,837,8
248277,1555,1
248277,244783,2
248276,16564,1
248259,168027,1
248259,3482,3
248259,135595,1
248259,8982,8
248259,89861,8
248259,455,4
248259,57022,5
248259,14351,1
248259,147767,1
248259,10664,1
248259,55567,5
248259,9277,9
248259,9443,9
248259,16186,1
248259,7863,7
248259,138697,1
248259,11901,1
248259,1548,1
248259,11889,1
248259,33155,3
248259,5528,5
248259,321,3
248259,4997,4
248259,925,9
248252,27451,2
248221,73532,7
248221,979,9
248221,193722,1
248221,7913,7
248221,253253,2
248221,51995,5
248221,13173,1
248221,22908,2
248221,70670,7
248221,84204,8
248221,25248,2
248221,230266,2
248221,16633,1
248221,63006,6
248221,91586,9
248221,215,2
248221,333371,3
248221,9012,9
248221,345911,3
248221,72571,7
248202,242512,2
248178,10072,1
248170,211954,2
248170,82990,8
248168,29912,2
248151,11843,1
248139,11284,1
248138,504,5
248131,173,1
248131,227348,2
248131,1955,1
248127,152532,1
248122,243940,2
248102,77,7
248098,157547,1
248098,2295,2
248098,71,7
248092,147773,1
248086,16096,1
248083,24266,2
248064,16508,1
248064,2895,2
248062,15660,1
248003,59968,5
248003,323677,3
247998,19848,1
247998,256274,2
247998,235271,2
247998,45153,4
247998,284293,2
247998,24973,2
247978,21610,2
247966,10283,1
247966,8346,8
247966,122081,1
247958,10987,1
247958,1391,1
247958,747,7
247958,14745,1
247958,26748,2
247958,11357,1
247958,24913,2
247958,13776,1
247958,14854,1
247958,50357,5
247951,13090,1
247933,192141,1
247932,16441,1
247920,29996,2
247918,351819,3
247918,14834,1
247918,22649,2
247918,378200,3
247918,20455,2
247918,13193,1
247918,11042,1
247918,10786,1
247918,12484,1
247916,17339,1
247912,11959,1
247904,9900,9
247892,14662,1
247887,335,3
247877,15745,1
247873,17431,1
247855,21014,2
247852,78394,7
247852,10217,1
247852,46332,4
247852,13996,1
247852,3028,3
247852,1024,1
247852,343795,3
247852,45658,4
247852,16148,1
247852,4553,4
247852,36351,3
247852,245916,2
247852,27585,2
247848,1415,1
247848,313922,3
247840,14474,1
247840,199933,1
247840,13685,1
247840,8744,8
247840,38428,3
247829,8847,8
247829,39269,3
247829,46838,4
247829,51384,5
247829,56930,5
247829,41730,4
247829,18442,1
247804,298312,2
247790,11600,1
247790,71547,7
247790,57876,5
247752,77495,7
247752,13849,1
247752,14849,1
247752,12486,1
247752,19615,1
247752,244403,2
247752,292481,2
247752,340816,3
247752,78814,7
247752,297596,2
247752,299552,2
247752,11935,1
247752,113406,1
247752,447027,4
247752,290825,2
247752,361159,3
247752,12555,1
247752,31175,3
247752,12498,1
247752,77949,7
247752,1690,1
247752,8435,8
247752,64720,6
247752,49365,4
247752,11404,1
247752,300706,3
247752,16337,1
247752,11577,1
247752,77987,7
247752,40185,4
247752,68202,6
247752,8981,8
247739,10914,1
247736,50848,5
247736,166624,1
247736,10822,1
247736,10844,1
247726,9336,9
247677,5689,5
247674,712,7
247674,13342,1
247652,10339,1
247639,1429,1
247638,9303,9
247626,641,6
247626,27686,2
247626,65749,6
247626,6106,6
247621,252680,2
247591,141,1
247582,66607,6
247572,17139,1
247572,12079,1
247568,39800,3
247552,4550,4
247546,62116,6
247523,9991,9
247521,13807,1
247521,68818,6
247521,12093,1
247521,36419,3
247499,281730,2
247490,510,5
247486,362105,3
247482,10970,1
247464,375290,3
247464,17663,1
247464,270938,2
247449,116613,1
247447,11826,1
247447,29920,2
247447,1088,1
247447,26379,2
247447,34069,3
247447,10947,1
247447,47452,4
247447,3040,3
247447,11386,1
247447,10246,1
247447,29426,2
247447,10331,1
247447,153,1
247447,703,7
247447,27191,2
247447,1365,1
247447,287424,2
247447,451,4
247447,165864,1
247447,987,9
247447,241251,2
247447,40494,4
247447,39781,3
247447,8337,8
247447,5925,5
247447,8357,8
247429,146203,1
247429,85350,8
247429,512,5
247429,13408,1
247429,47816,4
247429,10744,1
247429,11536,1
247429,9782,9
247429,18713,1
247429,6537,6
247429,184345,1
247429,1809,1
247429,2370,2
247429,9809,9
247429,5,5
247429,11013,1
247429,19153,1
247429,10132,1
247429,16448,1
247429,15122,1
247429,8141,8
247429,1546,1
247429,48572,4
247429,14517,1
247429,89708,8
247429,27551,2
247429,64678,6
247429,309503,3
247429,14293,1
247429,15059,1
247429,103328,1
247429,157847,1
247429,25719,2
247429,48309,4
247429,27723,2
247429,20468,2
247429,242575,2
247429,44945,4
247429,29122,2
247429,125123,1
247429,111190,1
247429,133575,1
247429,54580,5
247429,52015,5
247429,34941,3
247429,227975,2
247429,60422,6
247429,81390,8
247429,10981,1
247429,225235,2
247429,14902,1
247429,121676,1
247429,22301,2
247429,20065,2
247429,257087,2
247429,46420,4
247429,114635,1
247429,158150,1
247429,251979,2
247429,874,8
247429,10774,1
247429,770,7
247429,266102,2
247429,29715,2
247429,25209,2
247429,37495,3
247429,29262,2
247429,34769,3
247429,35032,3
247429,5178,5
247429,8618,8
247429,3116,3
247429,9427,9
247429,813,8
247429,352978,3
247429,10634,1
247429,9516,9
247429,16288,1
247429,23330,2
247429,18900,1
247429,27029,2
247429,26268,2
247429,573,5
247429,310131,3
247429,40505,4
247429,11363,1
247429,3033,3
247429,25376,2
247429,22007,2
247429,765,7
247429,10615,1
247429,205321,2
247429,89540,8
247429,46146,4
247429,38007,3
247429,14256,1
247429,540,5
247429,370464,3
247429,20055,2
247429,224569,2
247429,395766,3
247429,39303,3
247429,142061,1
247429,370662,3
247429,252360,2
247429,256740,2
247429,299145,2
247429,241766,2
247429,12535,1
247429,1667,1
247429,50839,5
247429,86549,8
247429,13973,1
247429,244786,2
247429,598,5
247429,11129,1
247429,75861,7
247429,13551,1
247429,103663,1
247429,850,8
247429,12586,1
247429,11564,1
247429,301748,3
247429,108346,1
247429,8841,8
247429,805,8
247429,11697,1
247429,22051,2
247429,436,4
247429,55347,5
247429,10070,1
247423,8469,8
247423,658,6
247359,125490,1
247336,1585,1
247332,627,6
247322,23618,2
247281,41436,4
247278,10162,1
247278,1430,1
247266,259943,2
247266,10014,1
247251,11257,1
247245,158015,1
247240,82507,8
247240,20337,2
247240,261,2
247240,1685,1
247240,20737,2
247212,10991,1
247211,10225,1
247211,826,8
247176,34086,3
247175,5854,5
247146,284,2
247141,10285,1
247141,5780,5
247140,292,2
247133,223485,2
247129,29463,2
247129,18065,1
247129,22013,2
247129,821,8
247129,53862,5
247129,3089,3
247129,30139,3
247129,132344,1
247108,15582,1
247108,15158,1
247096,44634,4
247084,30309,3
247083,7509,7
247083,10557,1
247067,23531,2
247067,28005,2
247064,40247,4
247060,252,2
247057,24126,2
247055,13982,1
247055,16642,1
247055,17734,1
247055,18892,1
247055,549,5
247055,121986,1
247055,868,8
247055,10683,1
247055,17995,1
247055,246403,2
247055,670,6
247041,35691,3
247041,49010,4
247041,317930,3
247041,11229,1
247041,22488,2
247041,24469,2
247039,82533,8
247034,50942,5
247015,84174,8
247010,34099,3
247000,79940,7
246959,342,3
246959,281230,2
246959,38033,3
246959,100975,1
246959,38541,3
246959,39563,3
246959,234212,2
246959,27404,2
246947,170480,1
246947,71866,7
246933,192210,1
246910,180296,1
246903,157058,1
246863,70006,7
246863,26039,2
246820,79587,7
246810,176077,1
246797,260947,2
246797,342502,3
246797,191229,1
246794,43213,4
246794,44594,4
246776,666,6
246776,248,2
246776,325173,3
246776,55831,5
246776,351043,3
246776,43942,4
246776,10226,1
246776,66942,6
246760,356483,3
246753,10476,1
246747,239,2
246740,10281,1
246730,630,6
246691,3034,3
246679,13025,1
246678,21461,2
246678,55306,5
246678,17264,1
246678,346081,3
246678,16016,1
246678,15875,1
246678,5900,5
246678,43306,4
246678,11072,1
246678,9730,9
246678,209274,2
246678,26371,2
246671,14137,1
246671,291,2
246671,14139,1
246671,33106,3
246671,8875,8
246671,872,8
246671,72914,7
246655,139038,1
246636,126509,1
246634,9591,9
246634,10676,1
246634,1687,1
246634,24748,2
246630,181330,1
246625,468,4
246621,401,4
246621,76,7
246621,50538,5
246621,25636,2
246617,19316,1
246617,21074,2
246617,84329,8
246617,20,2
246617,157386,1
246617,13007,1
246617,13518,1
246617,116584,1
246617,46849,4
246617,40428,4
246617,17334,1
246617,1698,1
246617,20764,2
246617,45132,4
246617,76706,7
246612,254472,2
246598,332285,3
246587,49471,4
246532,13569,1
246531,7512,7
246520,356216,3
246513,11798,1
246513,146631,1
246513,43546,4
246513,61038,6
246513,78373,7
246513,17820,1
246513,74457,7
246513,283384,2
246513,19933,1
246513,756,7
246513,433715,4
246513,9728,9
246513,9731,9
246513,9916,9
246513,309425,3
246513,14156,1
246512,43610,4
246512,360339,3
246512,31163,3
246512,297621,2
246512,16205,1
246512,887,8
246512,9517,9
246512,6007,6
246512,364083,3
246512,8329,8
246512,69640,6
246512,371085,3
246512,347548,3
246512,322443,3
246507,657,6
246507,28165,2
246483,11561,1
246483,270303,2
246483,11624,1
246483,595,5
246470,8810,8
246470,12207,1
246470,226,2
246463,92182,9
246463,582,5
246459,72213,7
246448,990,9
246439,55604,5
246439,9662,9
246427,20862,2
246427,2771,2
246418,80,8
246412,55,5
246410,11023,1
246400,33667,3
246391,39013,3
246388,11194,1
246380,43839,4
246366,1382,1
246354,44639,4
246343,301351,3
246333,4816,4
246331,7873,7
246318,331190,3
246318,15186,1
246313,17994,1
246313,1378,1
246311,8885,8
246311,48382,4
246311,12901,1
246311,250124,2
246311,14284,1
246311,57120,5
246311,12228,1
246311,22617,2
246311,55561,5
246311,42889,4
246311,10656,1
246311,24363,2
246311,13121,1
246311,24746,2
246311,325140,3
246311,12109,1
246311,27023,2
246311,22913,2
246311,273899,2
246311,20653,2
246311,67373,6
246311,171759,1
246311,206296,2
246311,35219,3
246311,28260,2
246311,7515,7
246311,13075,1
246311,335866,3
246311,13510,1
246311,215881,2
246311,18238,1
246311,22600,2
246311,12612,1
246311,50698,5
246311,115210,1
246311,34335,3
246311,459488,4
246311,11302,1
246311,119458,1
246311,20406,2
246311,3766,3
246311,18616,1
246311,18808,1
246311,95755,9
246311,198062,1
246311,188652,1
246311,174311,1
246287,12602,1
246271,153795,1
246269,17768,1
246247,13516,1
246247,98549,9
246247,312793,3
246247,309919,3
246247,299553,2
246247,21309,2
246247,32235,3
246247,329540,3
246247,26388,2
246247,49020,4
246247,159037,1
246247,12838,1
246247,157293,1
246247,14048,1
246247,356987,3
246247,295886,2
246247,38358,3
246246,33511,3
246246,702,7
246246,935,9
246246,542,5
246230,84175,8
246179,1705,1
246163,62677,6
246156,50875,5
246156,260778,2
246156,58492,5
246156,44562,4
246156,37232,3
246156,4929,4
246156,36334,3
246156,9783,9
246156,386826,3
246156,205126,2
246156,98557,9
246156,104,1
246156,10894,1
246156,246449,2
246096,32579,3
246078,1688,1
246077,1999,1
246075,43947,4
246075,24066,2
246052,9709,9
246022,191714,1
246020,25312,2
246015,34106,3
246013,11426,1
246000,13909,1
245978,206284,2
245978,27455,2
245976,66468,6
245963,7973,7
245963,283686,2
245963,15976,1
245963,592,5
245963,74084,7
245963,1651,1
245963,25428,2
245963,298584,2
245963,10758,1
245963,11690,1
245963,3083,3
245963,9344,9
245963,10707,1
245963,15647,1
245963,308529,3
245963,4174,4
245963,20156,2
245963,9464,9
245963,49018,4
245963,13820,1
245963,18079,1
245963,127918,1
245963,17113,1
245963,129139,1
245959,507,5
245956,4012,4
245948,14054,1
245940,323271,3
245940,10972,1
245938,13066,1
245925,66025,6
245925,11908,1
245925,3082,3
245920,39541,3
245909,1961,1
245907,51820,5
245893,291362,2
245874,30082,3
245871,72913,7
245870,23963,2
245869,29406,2
245864,361505,3
245864,104755,1
245864,253306,2
245864,29595,2
245851,46729,4
245827,294600,2
245827,137347,1
245827,290370,2
245827,426469,4
245827,356841,3
245827,301325,3
245827,347755,3
245827,408,4
245827,44413,4
245827,39209,3
245827,48463,4
245827,394047,3
245827,312791,3
245827,266034,2
245827,280381,2
245827,2661,2
245827,100,1
245827,218500,2
245827,309,3
245827,27845,2
245827,25784,2
245827,52790,5
245827,100275,1
245827,295914,2
245827,42033,4
245827,19187,1
245827,46415,4
245827,38570,3
245827,27588,2
245827,223,2
245827,9725,9
245827,28580,2
245827,23730,2
245827,84197,8
245827,46256,4
245827,19997,1
245827,43266,4
245827,278316,2
245827,1412,1
245827,176,1
245827,39939,3
245827,357834,3
245827,215924,2
245827,480,4
245827,14295,1
245827,11219,1
245827,20770,2
245827,176124,1
245827,500,5
245823,60400,6
245802,429,4
245802,310569,3
245802,98369,9
245802,114065,1
245802,89750,8
245790,49951,4
245790,86331,8
245790,355629,3
245790,16433,1
245787,15544,1
245786,43884,4
245782,107315,1
245782,137955,1
245782,13064,1
245782,59917,5
245765,157422,1
245750,310933,3
245750,7553,7
245750,12877,1
245703,39895,3
245680,102840,1
245668,55616,5
245666,29697,2
245666,50037,5
245666,94329,9
245666,53502,5
245664,202604,2
245660,289,2
245650,27374,2
245645,26815,2
245645,811,8
245645,1366,1
245645,244776,2
245645,5769,5
245645,277685,2
245645,103,1
245645,11298,1
245645,646,6
245645,93856,9
245645,9003,9
245645,347126,3
245645,10092,1
245645,10643,1
245645,46705,4
245645,546,5
245645,76487,7
245645,5722,5
245645,39833,3
245645,1781,1
245645,18712,1
245645,7944,7
245645,171424,1
245645,361475,3
245645,113947,1
245645,18570,1
245645,83860,8
245645,41469,4
245645,244772,2
245645,50837,5
245645,248774,2
245645,10183,1
245645,159014,1
245645,32456,3
245645,49963,4
245645,13508,1
245645,22597,2
245645,9707,9
245645,37532,3
245645,26791,2
245645,56666,5
245645,8675,8
245645,13132,1
245645,47686,4
245633,46989,4
245633,192132,1
245633,24424,2
245616,13198,1
245616,244267,2
245575,21413,2
245503,123678,1
245473,13362,1
245468,39183,3
245445,62402,6
245428,206412,2
245428,201132,2
245428,251471,2
245410,112456,1
245410,20296,2
245410,25983,2
245410,66195,6
245410,16155,1
245410,46727,4
245410,55180,5
245410,29015,2
245410,91122,9
245410,18206,1
245410,320146,3
245410,13856,1
245410,219716,2
245393,43630,4
245388,56491,5
245388,99826,9
245373,186935,1
245371,357441,3
245371,19344,1
245371,242083,2
245371,18869,1
245371,26673,2
245371,41830,4
245371,37694,3
245371,63287,6
245363,335874,3
245346,34592,3
245339,92635,9
245328,258755,2
245328,96534,9
245328,21283,2
245328,272724,2
245328,84178,8
245299,101179,1
245299,52462,5
245299,269057,2
245295,287524,2
245295,206213,2
245295,248402,2
245295,29146,2
245295,207769,2
245295,271185,2
245295,29731,2
245295,292539,2
245295,654,6
245295,91070,9
245295,2009,2
245295,323270,3
245295,2652,2
245295,9813,9
245295,60421,6
245295,157354,1
245295,127867,1
245295,3170,3
245295,14014,1
245295,15708,1
245295,146882,1
245295,215918,2
245295,84200,8
245295,84184,8
245295,45767,4
245295,14823,1
245295,367551,3
245295,343409,3
245295,60243,6
245281,57294,5
245281,11446,1
245281,47889,4
245281,25461,2
245281,905,9
245262,279759,2
245257,78705,7
245257,25212,2
245257,26899,2
245257,146269,1
245231,292483,2
245188,14451,1
245188,10105,1
245188,211557,2
245188,838,8
245163,40862,4
245161,13158,1
245157,84332,8
245157,74510,7
245157,74725,7
245157,58428,5
245157,8416,8
245157,36584,3
245157,13429,1
245155,9022,9
245128,22530,2
245128,288,2
245128,14275,1
245128,2287,2
245128,18734,1
245126,206197,2
245104,26837,2
245102,7859,7
245102,302579,3
245099,51955,5
245088,376004,3
245079,158752,1
245057,40658,4
245048,296943,2
245042,118612,1
245029,138976,1
245007,323967,3
245001,3080,3
244998,2667,2
244994,9459,9
244993,11598,1
244964,26916,2
244964,181940,1
244964,125263,1
244939,263503,2
244925,324322,3
244925,331493,3
244925,375950,3
244925,278348,2
244918,704,7
244873,70875,7
244867,75986,7
244867,385636,3
244833,14438,1
244823,211086,2
244817,23069,2
244814,83,8
244814,89857,8
244814,30315,3
244809,14358,1
244804,2056,2
244804,41144,4
244804,35199,3
244799,14271,1
244781,16653,1
244781,14757,1
244781,84401,8
244781,23655,2
244778,36825,3
244761,33430,3
244757,12281,1
244745,125052,1
244744,96238,9
244742,30246,3
244727,7301,7
244725,172533,1
244714,180383,1
244710,346,3
244708,84318,8
244688,45145,4
244688,13983,1
244688,45649,4
244688,19844,1
244688,21801,2
244688,43933,4
244688,73511,7
244688,43653,4
244688,139715,1
244685,45380,4
244685,30867,3
244685,81220,8
244685,253626,2
244685,294550,2
244685,90369,9
244685,117942,1
244685,380097,3
244685,322194,3
244685,98568,9
244685,119657,1
244685,380733,3
244685,285743,2
244676,362765,3
244676,379532,3
244676,253261,2
244667,297100,2
244662,15239,1
244662,94072,9
244657,4107,4
244657,325579,3
244657,15624,1
244657,17287,1
244651,198370,1
244647,3062,3
244646,328307,3
244641,15389,1
244627,464,4
244627,308467,3
244627,8193,8
244627,188166,1
244627,23827,2
244627,1282,1
244627,762,7
244627,64499,6
244627,281189,2
244627,1435,1
244627,47546,4
244627,189711,1
244627,19204,1
244627,9029,9
244627,18045,1
244627,11240,1
244627,43743,4
244627,157909,1
244627,10238,1
244627,3059,3
244627,15800,1
244627,65203,6
244627,764,7
244627,103620,1
244627,319069,3
244627,14278,1
244627,25678,2
244627,79161,7
244627,371690,3
244627,389,3
244627,52032,5
244627,3078,3
244627,38810,3
244627,21525,2
244627,55123,5
244627,11980,1
244627,11956,1
244627,1550,1
244627,162396,1
244627,26518,2
244627,8942,8
244627,68412,6
244627,2786,2
244627,87943,8
244627,73981,7
244627,91721,9
244627,118452,1
244627,47534,4
244627,40914,4
244627,365052,3
244627,13282,1
244627,250184,2
244627,426067,4
244627,324352,3
244627,318040,3
244627,27420,2
244627,80468,8
244627,84188,8
244627,2255,2
244627,50035,5
244627,300327,3
244627,14290,1
244627,29371,2
244627,44490,4
244627,32222,3
244627,378237,3
244627,431,4
244627,76996,7
244627,51942,5
244627,1424,1
244627,60420,6
244627,325123,3
244627,142132,1
244627,20520,2
244627,109729,1
244627,78307,7
244627,12247,1
244627,29917,2
244627,70687,7
244627,60463,6
244627,46252,4
244627,24869,2
244627,77934,7
244627,34697,3
244627,320435,3
244627,150211,1
244627,306667,3
244627,274758,2
244627,3060,3
244627,40963,4
244627,173224,1
244627,18533,1
244627,376010,3
244627,139948,1
244627,77332,7
244627,70478,7
244627,35073,3
244627,9659,9
244627,10218,1
244627,391,3
244627,43595,4
244602,194588,1
244602,54897,5
244602,83588,8
244602,53256,5
244599,40920,4
244595,287815,2
244593,54702,5
244593,176074,1
244584,69270,6
244572,5759,5
244572,402515,4
244572,126141,1
244572,48035,4
244572,14758,1
244572,13363,1
244572,37985,3
244572,25786,2
244572,36549,3
244572,361398,3
244572,289180,2
244572,288927,2
244572,21334,2
244572,79120,7
244571,27995,2
244570,253290,2
244524,344466,3
244494,55420,5
244494,5822,5
244494,408429,4
244479,39141,3
244471,5723,5
244457,28666,2
244453,30979,3
244452,50497,5
244452,354624,3
244452,13187,1
244452,335244,3
244452,178862,1
244421,331745,3
244421,1779,1
244421,282128,2
244420,86812,8
244420,38786,3
244420,84355,8
244420,18632,1
244420,40652,4
244420,339408,3
244420,266857,2
244420,18925,1
244420,299245,2
244420,985,9
244420,34101,3
244420,9821,9
244420,65448,6
244420,18841,1
244420,272726,2
244420,175291,1
244420,80215,8
244420,13538,1
244420,51130,5
244420,270554,2
244420,72086,7
244420,268917,2
244420,64973,6
244420,473,4
244420,90414,9
244420,111794,1
244420,360188,3
244420,9372,9
244418,85860,8
244418,244534,2
244400,33468,3
244400,294086,2
244390,139998,1
244378,74777,7
244375,16388,1
244375,159770,1
244375,42109,4
244375,47607,4
244375,193603,1
244375,84659,8
244375,322745,3
244375,20981,2
244375,174362,1
244367,242095,2
244362,250902,2
244359,158895,1
244352,222250,2
244352,18292,1
244349,125537,1
244349,326576,3
244349,228550,2
244349,13963,1
244349,290391,2
244349,44770,4
244349,69382,6
244349,40769,4
244349,220490,2
244349,42151,4
244349,2292,2
244349,42497,4
244349,33693,3
244349,14585,1
244349,185465,1
244349,38780,3
244349,14022,1
244349,366967,3
244349,255266,2
244349,17345,1
244349,226458,2
244349,24055,2
244349,287625,2
244349,44990,4
244349,86304,8
244349,692,6
244349,39851,3
244349,13898,1
244349,157185,1
244349,36095,3
244349,182291,1
244349,286939,2
244349,124606,1
244349,14337,1
244349,67238,6
244349,9367,9
244349,72766,7
244341,231617,2
244324,126186,1
244324,25975,2
